{
    "token": "MTE3MzQwMTE1NDQ1NDAzMjQ4NA.GIwnQP.RNqN-ts2sIV6FEn7xyCTrf3yl0zaSTA_RFTpSk",
    "prefix": "z+",
    "owner_id": "430860347050819595",
    "mongo_url": "mongodb+srv://cnatilla7:atilla31@raveruptime.tpyo11o.mongodb.net/?retryWrites=true&w=majority&appName=raveruptime",
    "roles": {
        "free_role_id": "1293277489379934261",
        "boost_role_id": "1293590356339855402",
        "vip_role_id": "1293277482497343621"
    },
    "channels": {
        "free_chat_id": "1293277740652302349",
        "boost_chat_id": "1293277737565552640",
        "vip_chat_id": "1293277733824102560"
    }
}